"","Sample","Prep_library","N_primer","S_primer","Library","Stage","Individual","Sample.1","Type","Sorting_date","Plate","ERCC","Library_date","Seq_type","Bases","Reads","groups"
"P2272_1004","P2272_1004","S48","N703","S504","L234","P2","m1","single","cell","2/5/2015","1-1/G1",1410014,"5/20/2015","pair-end","125bp","150M","adult"
"P2272_1006","P2272_1006","S50","N701","S502","L239","P2","m1","single","cell","2/5/2015","1-1/D2",1410014,"5/20/2015","pair-end","125bp","150M","adult"
"P2272_1009","P2272_1009","S53","N702","S517","L246","P2","m1","single","cell","2/5/2015","1-1/C3",1410014,"5/20/2015","pair-end","125bp","150M","adult"
"P2272_1010","P2272_1010","S54","N702","S502","L253","P21","m1","single","cell","1/15/2015","2-1/B1",1310010,"5/29/2015","pair-end","125bp","150M","adult"
"P2272_1012","P2272_1012","S56","N702","S504","L257","P21","m1","single","cell","1/15/2015","2-1/F1",1310010,"5/29/2015","pair-end","125bp","150M","adult"
"P2272_1013","P2272_1013","S57","N704","S517","L259","P21","m1","single","cell","1/15/2015","2-1/H1",1310010,"5/29/2015","pair-end","125bp","150M","adult"
"P2272_1014","P2272_1014","S58","N704","S502","L265","P21","m1","single","cell","1/15/2015","2-1/F2",1310010,"5/29/2015","pair-end","125bp","150M","adult"
"P2272_1015","P2272_1015","S59","N704","S503","L267","P21","m1","single","cell","1/15/2015","2-1/H2",1310010,"5/29/2015","pair-end","125bp","150M","adult"
"P2272_1016","P2272_1016","S60","N704","S504","L269","P21","m1","single","cell","1/15/2015","2-1/B3",1310010,"5/29/2015","pair-end","125bp","150M","adult"
"P2272_1017","P2272_1017","S61","N705","S517","L270","P21","m1","single","cell","1/15/2015","2-1/C3",1310010,"5/29/2015","pair-end","125bp","150M","adult"
"P2272_1018","P2272_1018","S62","N705","S502","L274","P21","m1","single","cell","1/15/2015","2-1/G3",1310010,"5/29/2015","pair-end","125bp","150M","adult"
"P2272_1020","P2272_1020","S64","N705","S504","L279","E19.5","m1","single","cell","5/12/2015","1-1/D1",1410014,"6/1/2015","pair-end","125bp","150M","adult"
"P2272_1021","P2272_1021","S65","N706","S517","L281","E19.5","m1","single","cell","5/12/2015","1-1/F1",1410014,"6/1/2015","pair-end","125bp","150M","adult"
"P2272_1022","P2272_1022","S66","N706","S502","L282","E19.5","m1","single","cell","5/12/2015","1-1/G1",1410014,"6/1/2015","pair-end","125bp","150M","adult"
"P2272_1023","P2272_1023","S67","N706","S503","L284","E19.5","m1","single","cell","5/12/2015","1-1/A2",1410014,"6/1/2015","pair-end","125bp","150M","adult"
"P2272_1024","P2272_1024","S68","N706","S504","L285","E19.5","m1","single","cell","5/12/2015","1-1/B2",1410014,"6/1/2015","pair-end","125bp","150M","adult"
"P2272_1025","P2272_1025","S69","N701","S517","L289","E19.5","m1","single","cell","5/12/2015","1-1/F2",1410014,"6/1/2015","pair-end","125bp","150M","adult"
"P2272_1027","P2272_1027","S71","N701","S503","L294","E19.5","m1","single","cell","5/12/2015","1-1/C3",1410014,"6/1/2015","pair-end","125bp","150M","adult"
"P2272_1029","P2272_1029","S73","N702","S517","L298","E19.5","m1","single","cell","5/12/2015","1-1/G3",1410014,"6/1/2015","pair-end","125bp","150M","adult"
"P2272_1031","P2272_1031","S75","N702","S503","L305","P2","m2","single","cell","5/12/2015","1-1/F1",1410014,"6/4/2015","pair-end","125bp","150M","adult"
"P2272_1035","P2272_1035","S79","N703","S503","L317","P2","m2","single","cell","5/12/2015","1-1/B3",1410014,"6/4/2015","pair-end","125bp","150M","adult"
"P2272_1036","P2272_1036","S80","N703","S504","L318","P2","m2","single","cell","5/12/2015","1-1/C3",1410014,"6/4/2015","pair-end","125bp","150M","adult"
"P2272_1037","P2272_1037","S81","N704","S517","L321","P2","m2","single","cell","5/12/2015","1-1/F3",1410014,"6/4/2015","pair-end","125bp","150M","adult"
"P2272_1038","P2272_1038","S82","N704","S502","L322","P2","m2","single","cell","5/12/2015","1-1/G3",1410014,"6/4/2015","pair-end","125bp","150M","adult"
"P2272_1041","P2272_1041","S85","N705","S517","L330","P21","m1","single","cell","3/12/2015","1-1/G1",1410014,"6/4/2015","pair-end","125bp","150M","adult"
"P2272_1043","P2272_1043","S87","N705","S503","L337","P21","m1","single","cell","3/12/2015","1-1/F2",1410014,"6/4/2015","pair-end","125bp","150M","adult"
"P2272_1045","P2272_1045","S89","N706","S517","L341","P21","m1","single","cell","3/12/2015","1-1/B3",1410014,"6/4/2015","pair-end","125bp","150M","adult"
"P2272_1046","P2272_1046","S90","N706","S502","L344","P21","m1","single","cell","3/12/2015","1-1/E3",1410014,"6/4/2015","pair-end","125bp","150M","adult"
"P2272_1047","P2272_1047","S91","N706","S503","L346","P21","m1","single","cell","3/12/2015","1-1/G3",1410014,"6/4/2015","pair-end","125bp","150M","adult"
"P2661_1001","P2661_1001","S93","N701","S517","L276","E19.5","m1","single","cell","5/12/2015","1-1/A1",1410014,"6/1/2015","single-end","50bp","150M","adult"
"P2661_1003","P2661_1003","S71","N701","S503","L406","E19.5","m1","single","cell","5/12/2015","1-2/C2",1410014,"6/22/2015","single-end","50bp","150M","adult"
"P2661_1004","P2661_1004","S96","N701","S504","L407","E19.5","m1","single","cell","5/12/2015","1-2/D2",1410014,"6/22/2015","single-end","50bp","150M","adult"
"P2661_1006","P2661_1006","S98","N702","S502","L410","E19.5","m1","single","cell","5/12/2015","1-2/G2",1410014,"6/22/2015","single-end","50bp","150M","adult"
"P2661_1009","P2661_1009","S101","N703","S517","L413","E19.5","m1","single","cell","5/12/2015","1-2/B3",1410014,"6/22/2015","single-end","50bp","150M","adult"
"P2661_1010","P2661_1010","S102","N703","S502","L417","E19.5","m1","single","cell","5/12/2015","1-2/F3",1410014,"6/22/2015","single-end","50bp","150M","adult"
"P2661_1011","P2661_1011","S103","N703","S503","L418","E19.5","m1","single","cell","5/12/2015","1-2/G3",1410014,"6/22/2015","single-end","50bp","150M","adult"
"P2661_1013","P2661_1013","S105","N704","S517","L248","P2","m1","single","cell","2/5/2015","1-1/E3",1410014,"5/20/2015","single-end","50bp","150M","adult"
"P2661_1019","P2661_1019","S111","N705","S503","L495","P2","m1","single","cell","2/5/2015","1-2/D1",1410014,"7/27/2015","single-end","50bp","150M","adult"
"P2661_1020","P2661_1020","S112","N705","S504","L497","P2","m1","single","cell","2/5/2015","1-2/F1",1410014,"7/27/2015","single-end","50bp","150M","adult"
"P2661_1022","P2661_1022","S114","N706","S502","L509","P2","m1","single","cell","2/5/2015","1-2/B3",1410014,"7/27/2015","single-end","50bp","150M","adult"
"P2661_1023","P2661_1023","S115","N706","S503","L511","P2","m1","single","cell","2/5/2015","1-2/D3",1410014,"7/27/2015","single-end","50bp","150M","adult"
"P2661_1024","P2661_1024","S116","N706","S504","L513","P2","m1","single","cell","2/5/2015","1-2/F3",1410014,"7/27/2015","single-end","50bp","150M","adult"
"P2661_1025","P2661_1025","S117","N701","S517","L430","P60","m1","single","cell","1/15/2015","1-1/C2",1310010,"6/22/2015","single-end","50bp","150M","adult"
"P2661_1026","P2661_1026","S118","N701","S502","L431","P60","m1","single","cell","1/15/2015","1-1/D2",1310010,"6/22/2015","single-end","50bp","150M","adult"
"P2661_1027","P2661_1027","S119","N701","S503","L432","P60","m1","single","cell","1/15/2015","1-1/E2",1310010,"6/22/2015","single-end","50bp","150M","adult"
"P2661_1028","P2661_1028","S120","N701","S504","L433","P60","m1","single","cell","1/15/2015","1-1/F2",1310010,"6/22/2015","single-end","50bp","150M","adult"
"P2661_1029","P2661_1029","S121","N702","S517","L435","P60","m1","single","cell","1/15/2015","1-1/H2",1310010,"6/22/2015","single-end","50bp","150M","adult"
"P2661_1030","P2661_1030","S122","N702","S502","L436","P60","m1","single","cell","1/15/2015","1-1/A3",1310010,"6/22/2015","single-end","50bp","150M","adult"
"P2661_1031","P2661_1031","S123","N702","S503","L438","P60","m1","single","cell","1/15/2015","1-1/C3",1310010,"6/22/2015","single-end","50bp","150M","adult"
"P2661_1032","P2661_1032","S124","N702","S504","L439","P60","m1","single","cell","1/15/2015","1-1/D3",1310010,"6/22/2015","single-end","50bp","150M","adult"
"P2661_1033","P2661_1033","S125","N703","S517","L440","P60","m1","single","cell","1/15/2015","1-1/E3",1310010,"6/22/2015","single-end","50bp","150M","adult"
"P2661_1037","P2661_1037","S129","N704","S517","L447","E19.5","m1","single","cell","6/23/2015","1-1/D1",1410014,"6/25/2015","single-end","50bp","150M","adult"
"P2661_1043","P2661_1043","S135","N705","S503","L458","E19.5","m1","single","cell","6/23/2015","1-1/G2",1410014,"6/25/2015","single-end","50bp","150M","adult"
"P2661_1046","P2661_1046","S138","N706","S502","L465","E19.5","m1","single","cell","6/23/2015","1-1/F3",1410014,"6/25/2015","single-end","50bp","150M","adult"
"P2661_1047","P2661_1047","S139","N706","S503","L466","E19.5","m1","single","cell","6/23/2015","1-1/G3",1410014,"6/25/2015","single-end","50bp","150M","adult"
"P3504_1001","P3504_1001","S141","N701","S517","L348","P2","m2","single","cell","5/12/2015","1-2/A1",1410014,"6/16/2015","single-end","50bp","150M","adult"
"P3504_1002","P3504_1002","S142","N701","S502","L350","P2","m2","single","cell","5/12/2015","1-2/C1",1410014,"6/16/2015","single-end","50bp","150M","adult"
"P3504_1003","P3504_1003","S143","N701","S503","L352","P2","m2","single","cell","5/12/2015","1-2/E1",1410014,"6/16/2015","single-end","50bp","150M","adult"
"P3504_1004","P3504_1004","S144","N701","S504","L353","P2","m2","single","cell","5/12/2015","1-2/F1",1410014,"6/16/2015","single-end","50bp","150M","adult"
"P3504_1005","P3504_1005","S145","N701","S505","L360","P2","m2","single","cell","5/12/2015","1-2/E2",1410014,"6/16/2015","single-end","50bp","150M","adult"
"P3504_1006","P3504_1006","S146","N701","S506","L364","P2","m2","single","cell","5/12/2015","1-2/A3",1410014,"6/16/2015","single-end","50bp","150M","adult"
"P3504_1007","P3504_1007","S147","N701","S507","L366","P2","m2","single","cell","5/12/2015","1-2/C3",1410014,"6/16/2015","single-end","50bp","150M","adult"
"P3504_1008","P3504_1008","S148","N701","S508","L369","P2","m2","single","cell","5/12/2015","1-2/F3",1410014,"6/16/2015","single-end","50bp","150M","adult"
"P3504_1009","P3504_1009","S149","N702","S517","L300","P2","m2","single","cell","5/12/2015","1-2/A1",1410014,"6/4/2015","single-end","50bp","150M","adult"
"P3504_1010","P3504_1010","S150","N702","S502","L302","P2","m2","single","cell","5/12/2015","1-2/C1",1410014,"6/4/2015","single-end","50bp","150M","adult"
"P3504_1011","P3504_1011","S151","N702","S503","L304","P2","m2","single","cell","5/12/2015","1-2/D1",1410014,"6/4/2015","single-end","50bp","150M","adult"
"P3504_1012","P3504_1012","S152","N702","S504","L985","P21","m1","single","cell","3/12/2015","3-2/F1",1410014,"11/5/2015","single-end","50bp","150M","adult"
"P3504_1013","P3504_1013","S153","N702","S505","L986","P21","m1","single","cell","3/12/2015","3-2/G1",1410014,"11/5/2015","single-end","50bp","150M","adult"
"P3504_1015","P3504_1015","S155","N702","S507","L988","P21","m1","single","cell","3/12/2015","3-2/A2",1410014,"11/5/2015","single-end","50bp","150M","adult"
"P3504_1016","P3504_1016","S156","N702","S508","L992","P21","m1","single","cell","3/12/2015","3-2/E2",1410014,"11/5/2015","single-end","50bp","150M","adult"
"P3504_1017","P3504_1017","S157","N703","S517","L993","P21","m1","single","cell","3/12/2015","3-2/F2",1410014,"11/5/2015","single-end","50bp","150M","adult"
"P3504_1018","P3504_1018","S158","N703","S502","L415","E19.5","m1","single","cell","5/12/2015","1-2/D3",1410014,"6/22/2015","single-end","50bp","150M","adult"
"P3504_1019","P3504_1019","S159","N703","S503","L416","E19.5","m1","single","cell","5/12/2015","1-2/E3",1410014,"6/22/2015","single-end","50bp","150M","adult"
"P3504_1021","P3504_1021","S161","N703","S505","L470","P60","m1","single","cell","1/15/2015","1-1/C1",1310010,"6/25/2015","single-end","50bp","150M","adult"
"P3504_1022","P3504_1022","S162","N703","S506","L471","P60","m1","single","cell","1/15/2015","1-1/D1",1310010,"6/25/2015","single-end","50bp","150M","adult"
"P3504_1023","P3504_1023","S163","N703","S507","L1000","P21","m1","single","cell","3/12/2015","3-2/E3",1410014,"11/5/2015","single-end","50bp","150M","adult"
"P3504_1024","P3504_1024","S164","N703","S508","L475","P60","m1","single","cell","1/15/2015","1-1/H1",1310010,"6/25/2015","single-end","50bp","150M","adult"
"P3504_1025","P3504_1025","S165","N704","S517","L476","P60","m1","single","cell","1/15/2015","1-1/A2",1310010,"6/25/2015","single-end","50bp","150M","adult"
"P3504_1026","P3504_1026","S166","N704","S502","L477","P60","m1","single","cell","1/15/2015","1-1/B2",1310010,"6/25/2015","single-end","50bp","150M","adult"
"P3504_1027","P3504_1027","S167","N704","S503","L478","P60","m1","single","cell","1/15/2015","1-1/C2",1310010,"6/25/2015","single-end","50bp","150M","adult"
"P3504_1028","P3504_1028","S168","N704","S504","L479","P60","m1","single","cell","1/15/2015","1-1/D2",1310010,"6/25/2015","single-end","50bp","150M","adult"
"P3504_1029","P3504_1029","S169","N704","S505","L482","P60","m1","single","cell","1/15/2015","1-1/G2",1310010,"6/25/2015","single-end","50bp","150M","adult"
"P3504_1030","P3504_1030","S170","N704","S506","L483","P60","m1","single","cell","1/15/2015","1-1/H2",1310010,"6/25/2015","single-end","50bp","150M","adult"
"P3504_1031","P3504_1031","S171","N704","S507","L487","P60","m1","single","cell","1/15/2015","1-1/D3",1310010,"6/25/2015","single-end","50bp","150M","adult"
"P3504_1032","P3504_1032","S172","N704","S508","L489","P60","m1","single","cell","1/15/2015","1-1/F3",1310010,"6/25/2015","single-end","50bp","150M","adult"
"P3504_1033","P3504_1033","S173","N705","S517","L491","P60","m1","single","cell","1/15/2015","1-1/H3",1310010,"6/25/2015","single-end","50bp","150M","adult"
"P3504_1035","P3504_1035","S175","N705","S503","L527","P21","m1","single","cell","3/12/2015","1-3/D2",1410014,"7/27/2015","single-end","50bp","150M","adult"
"P3504_1047","P3504_1047","S187","N706","S507","L572","E19.5","m1","single","cell","6/23/2015","1-2/A1",1410014,"9/7/2015","single-end","50bp","150M","adult"
"P3504_1048","P3504_1048","S188","N706","S508","L576","E19.5","m1","single","cell","6/23/2015","1-2/E1",1410014,"9/7/2015","single-end","50bp","150M","adult"
"P3504_1049","P3504_1049","S189","N707","S517","L577","E19.5","m1","single","cell","6/23/2015","1-2/F1",1410014,"9/7/2015","single-end","50bp","150M","adult"
"P3504_1050","P3504_1050","S190","N707","S502","L578","E19.5","m1","single","cell","6/23/2015","1-2/G1",1410014,"9/7/2015","single-end","50bp","150M","adult"
"P3504_1052","P3504_1052","S192","N707","S504","L580","E19.5","m1","single","cell","6/23/2015","1-2/A2",1410014,"9/7/2015","single-end","50bp","150M","adult"
"P3504_1053","P3504_1053","S193","N707","S505","L582","E19.5","m1","single","cell","6/23/2015","1-2/C2",1410014,"9/7/2015","single-end","50bp","150M","adult"
"P3504_1054","P3504_1054","S194","N707","S506","L584","E19.5","m1","single","cell","6/23/2015","1-2/E2",1410014,"9/7/2015","single-end","50bp","150M","adult"
"P3504_1055","P3504_1055","S195","N707","S507","L588","E19.5","m1","single","cell","6/23/2015","1-2/A3",1410014,"9/7/2015","single-end","50bp","150M","adult"
"P3504_1056","P3504_1056","S196","N707","S508","L590","E19.5","m1","single","cell","6/23/2015","1-2/C3",1410014,"9/7/2015","single-end","50bp","150M","adult"
"P3504_1057","P3504_1057","S197","N708","S517","L592","E19.5","m1","single","cell","6/23/2015","1-2/E3",1410014,"9/7/2015","single-end","50bp","150M","adult"
"P3504_1058","P3504_1058","S198","N708","S502","L594","E19.5","m1","single","cell","6/23/2015","1-2/G3",1410014,"9/7/2015","single-end","50bp","150M","adult"
"P3504_1059","P3504_1059","S199","N708","S503","L596","P2","m1","single","cell","2/5/2015","1-3/A1",1410014,"9/7/2015","single-end","50bp","150M","adult"
"P3504_1060","P3504_1060","S200","N708","S504","L602","P2","m1","single","cell","2/5/2015","1-3/G1",1410014,"9/7/2015","single-end","50bp","150M","adult"
"P3504_1061","P3504_1061","S201","N708","S505","L604","P2","m1","single","cell","2/5/2015","1-3/A2",1410014,"9/7/2015","single-end","50bp","150M","adult"
"P3504_1062","P3504_1062","S202","N708","S506","L611","P2","m1","single","cell","2/5/2015","1-3/H2",1410014,"9/7/2015","single-end","50bp","150M","adult"
"P3504_1063","P3504_1063","S203","N708","S507","L612","P2","m1","single","cell","2/5/2015","1-3/A3",1410014,"9/7/2015","single-end","50bp","150M","adult"
"P3504_1065","P3504_1065","S205","N709","S517","L617","P2","m1","single","cell","2/5/2015","1-3/F3",1410014,"9/7/2015","single-end","50bp","150M","adult"
"P3504_1069","P3504_1069","S209","N709","S505","L631","P2","m2","single","cell","2/5/2015","1-1/D2",1410014,"9/28/2015","single-end","50bp","150M","adult"
"P3504_1070","P3504_1070","S210","N709","S506","L632","P2","m2","single","cell","2/5/2015","1-1/E2",1410014,"9/28/2015","single-end","50bp","150M","adult"
"P3504_1072","P3504_1072","S212","N709","S508","L933","E19.5","m2","single","cell","6/23/2015","2-1/B1",1410014,"11/9/2015","single-end","50bp","150M","adult"
"P3504_1073","P3504_1073","S213","N710","S517","L935","E19.5","m2","single","cell","6/23/2015","2-1/D1",1410014,"11/9/2015","single-end","50bp","150M","adult"
"P3504_1074","P3504_1074","S214","N710","S502","L650","P21","m1","single","cell","3/12/2015","2-3/G1",1410014,"9/28/2015","single-end","50bp","150M","adult"
"P3504_1075","P3504_1075","S215","N710","S503","L661","P21","m1","single","cell","3/12/2015","2-3/B3",1410014,"9/28/2015","single-end","50bp","150M","adult"
"P3504_1076","P3504_1076","S216","N710","S504","L662","P21","m1","single","cell","3/12/2015","2-3/C3",1410014,"9/28/2015","single-end","50bp","150M","adult"
"P3504_1077","P3504_1077","S217","N710","S505","L664","P21","m1","single","cell","3/12/2015","2-3/E3",1410014,"9/28/2015","single-end","50bp","150M","adult"
"P3504_1078","P3504_1078","S218","N710","S506","L670","P2","m2","single","cell","2/5/2015","1-2/C1",1410014,"10/1/2015","single-end","50bp","150M","adult"
"P3504_1079","P3504_1079","S219","N710","S507","L672","P2","m2","single","cell","2/5/2015","1-2/E1",1410014,"10/1/2015","single-end","50bp","150M","adult"
"P3504_1080","P3504_1080","S220","N710","S508","L675","P2","m2","single","cell","2/5/2015","1-2/H1",1410014,"10/1/2015","single-end","50bp","150M","adult"
"P3504_1081","P3504_1081","S221","N711","S517","L936","E19.5","m2","single","cell","6/23/2015","2-1/E1",1410014,"11/9/2015","single-end","50bp","150M","adult"
"P3504_1083","P3504_1083","S223","N711","S503","L684","P2","m2","single","cell","2/5/2015","1-2/A3",1410014,"10/1/2015","single-end","50bp","150M","adult"
"P3504_1084","P3504_1084","S224","N711","S504","L685","P2","m2","single","cell","2/5/2015","1-2/B3",1410014,"10/1/2015","single-end","50bp","150M","adult"
"P3504_1085","P3504_1085","S225","N711","S505","L691","P2","m2","single","cell","2/5/2015","1-2/H3",1410014,"10/1/2015","single-end","50bp","150M","adult"
"P3504_1086","P3504_1086","S226","N711","S506","L693","P21","m1","single","cell","1/15/2015","1-4/B1",1310010,"10/1/2015","single-end","50bp","150M","adult"
"P3504_1087","P3504_1087","S227","N711","S507","L694","P21","m1","single","cell","1/15/2015","1-4/C1",1310010,"10/1/2015","single-end","50bp","150M","adult"
"P3504_1088","P3504_1088","S228","N711","S508","L695","P21","m1","single","cell","1/15/2015","1-4/D1",1310010,"10/1/2015","single-end","50bp","150M","adult"
"P3504_1090","P3504_1090","S230","N712","S502","L699","P21","m1","single","cell","1/15/2015","1-4/H1",1310010,"10/1/2015","single-end","50bp","150M","adult"
"P3504_1091","P3504_1091","S231","N712","S503","L702","P21","m1","single","cell","1/15/2015","1-4/C2",1310010,"10/1/2015","single-end","50bp","150M","adult"
"P3504_1092","P3504_1092","S232","N712","S504","L708","P21","m1","single","cell","1/15/2015","1-4/A3",1310010,"10/1/2015","single-end","50bp","150M","adult"
"P3504_1093","P3504_1093","S233","N712","S505","L709","P21","m1","single","cell","1/15/2015","1-4/B3",1310010,"10/1/2015","single-end","50bp","150M","adult"
"P3504_1094","P3504_1094","S234","N712","S506","L998","P21","m1","single","cell","3/12/2015","3-2/C3",1410014,"10/1/2015","single-end","50bp","150M","adult"
"P3504_1095","P3504_1095","S235","N712","S507","L719","P21","m1","single","cell","1/15/2015","2-2/D1",1310010,"10/2/2015","single-end","50bp","150M","adult"
"P3504_1096","P3504_1096","S236","N712","S508","L720","P21","m1","single","cell","1/15/2015","2-2/E1",1310010,"10/2/2015","single-end","50bp","150M","adult"
"P3504_1097","P3504_1097","S237","N701","S517","L721","P21","m1","single","cell","1/15/2015","2-2/F1",1310010,"10/2/2015","single-end","50bp","150M","adult"
"P3504_1098","P3504_1098","S238","N701","S502","L722","P21","m1","single","cell","1/15/2015","2-2/G1",1310010,"10/2/2015","single-end","50bp","150M","adult"
"P3504_1099","P3504_1099","S239","N701","S503","L723","P21","m1","single","cell","1/15/2015","2-2/H1",1310010,"10/2/2015","single-end","50bp","150M","adult"
"P3504_1100","P3504_1100","S240","N701","S504","L725","P21","m1","single","cell","1/15/2015","2-2/B2",1310010,"10/2/2015","single-end","50bp","150M","adult"
"P3504_1101","P3504_1101","S241","N701","S505","L726","P21","m1","single","cell","1/15/2015","2-2/C2",1310010,"10/2/2015","single-end","50bp","150M","adult"
"P3504_1102","P3504_1102","S242","N701","S506","L728","P21","m1","single","cell","1/15/2015","2-2/E2",1310010,"10/2/2015","single-end","50bp","150M","adult"
"P3504_1103","P3504_1103","S243","N701","S507","L729","P21","m1","single","cell","1/15/2015","2-2/F2",1310010,"10/2/2015","single-end","50bp","150M","adult"
"P3504_1104","P3504_1104","S244","N701","S508","L730","P21","m1","single","cell","1/15/2015","2-2/G2",1310010,"10/2/2015","single-end","50bp","150M","adult"
"P3504_1105","P3504_1105","S245","N702","S517","L732","P21","m1","single","cell","1/15/2015","2-2/A3",1310010,"10/2/2015","single-end","50bp","150M","adult"
"P3504_1106","P3504_1106","S246","N702","S502","L735","P21","m1","single","cell","1/15/2015","2-2/D3",1310010,"10/2/2015","single-end","50bp","150M","adult"
"P3504_1107","P3504_1107","S247","N702","S503","L743","P60","m1","single","cell","1/15/2015","2-1/D1",1310010,"10/2/2015","single-end","50bp","150M","adult"
"P3504_1108","P3504_1108","S248","N702","S504","L744","P60","m1","single","cell","1/15/2015","2-1/E1",1310010,"10/2/2015","single-end","50bp","150M","adult"
"P3504_1109","P3504_1109","S249","N702","S505","L745","P60","m1","single","cell","1/15/2015","2-1/F1",1310010,"10/2/2015","single-end","50bp","150M","adult"
"P3504_1110","P3504_1110","S250","N702","S506","L746","P60","m1","single","cell","1/15/2015","2-1/G1",1310010,"10/2/2015","single-end","50bp","150M","adult"
"P3504_1111","P3504_1111","S251","N702","S507","L747","P60","m1","single","cell","1/15/2015","2-1/H1",1310010,"10/2/2015","single-end","50bp","150M","adult"
"P3504_1112","P3504_1112","S252","N702","S508","L751","P60","m1","single","cell","1/15/2015","2-1/D2",1310010,"10/2/2015","single-end","50bp","150M","adult"
"P3504_1113","P3504_1113","S253","N703","S517","L753","P60","m1","single","cell","1/15/2015","2-1/F2",1310010,"10/2/2015","single-end","50bp","150M","adult"
"P3504_1114","P3504_1114","S254","N703","S502","L754","P60","m1","single","cell","1/15/2015","2-1/G2",1310010,"10/2/2015","single-end","50bp","150M","adult"
"P3504_1115","P3504_1115","S255","N703","S503","L755","P60","m1","single","cell","1/15/2015","2-1/H2",1310010,"10/2/2015","single-end","50bp","150M","adult"
"P3504_1116","P3504_1116","S256","N703","S504","L758","P60","m1","single","cell","1/15/2015","2-1/C3",1310010,"10/2/2015","single-end","50bp","150M","adult"
"P3504_1117","P3504_1117","S257","N703","S505","L762","P60","m1","single","cell","1/15/2015","2-1/G3",1310010,"10/2/2015","single-end","50bp","150M","adult"
"P3504_1122","P3504_1122","S262","N704","S502","L813","P2","m2","single","cell","2/5/2015","1-3/B1",1410014,"10/10/2015","single-end","50bp","150M","adult"
"P3504_1123","P3504_1123","S263","N704","S503","L814","P2","m2","single","cell","2/5/2015","1-3/C1",1410014,"10/10/2015","single-end","50bp","150M","adult"
"P3504_1124","P3504_1124","S264","N704","S504","L815","P2","m2","single","cell","2/5/2015","1-3/D1",1410014,"10/10/2015","single-end","50bp","150M","adult"
"P3504_1125","P3504_1125","S265","N704","S505","L818","P2","m2","single","cell","2/5/2015","1-3/G1",1410014,"10/10/2015","single-end","50bp","150M","adult"
"P3504_1126","P3504_1126","S266","N704","S506","L820","P2","m2","single","cell","2/5/2015","1-3/A2",1410014,"10/10/2015","single-end","50bp","150M","adult"
"P3504_1127","P3504_1127","S267","N704","S507","L822","P2","m2","single","cell","2/5/2015","1-3/C2",1410014,"10/10/2015","single-end","50bp","150M","adult"
"P3504_1128","P3504_1128","S268","N704","S508","L823","P2","m2","single","cell","2/5/2015","1-3/D2",1410014,"10/10/2015","single-end","50bp","150M","adult"
"P3504_1129","P3504_1129","S269","N705","S517","L827","P2","m2","single","cell","2/5/2015","1-3/H2",1410014,"10/10/2015","single-end","50bp","150M","adult"
"P3504_1130","P3504_1130","S270","N705","S502","L828","P2","m2","single","cell","2/5/2015","1-3/A3",1410014,"10/10/2015","single-end","50bp","150M","adult"
"P3504_1131","P3504_1131","S271","N705","S503","L829","P2","m2","single","cell","2/5/2015","1-3/B3",1410014,"10/10/2015","single-end","50bp","150M","adult"
"P3504_1134","P3504_1134","S274","N705","S506","L836","P60","m1","single","cell","2/5/2015","1-1/A1",1410014,"10/10/2015","single-end","50bp","150M","adult"
"P3504_1135","P3504_1135","S275","N705","S507","L838","P60","m1","single","cell","2/5/2015","1-1/C1",1410014,"10/10/2015","single-end","50bp","150M","adult"
"P3504_1136","P3504_1136","S276","N705","S508","L842","P60","m1","single","cell","2/5/2015","1-1/G1",1410014,"10/10/2015","single-end","50bp","150M","adult"
"P3504_1137","P3504_1137","S277","N706","S517","L844","P60","m1","single","cell","2/5/2015","1-1/A2",1410014,"10/10/2015","single-end","50bp","150M","adult"
"P3504_1138","P3504_1138","S278","N706","S502","L846","P60","m1","single","cell","2/5/2015","1-1/C2",1410014,"10/10/2015","single-end","50bp","150M","adult"
"P3504_1139","P3504_1139","S279","N706","S503","L847","P60","m1","single","cell","2/5/2015","1-1/D2",1410014,"10/10/2015","single-end","50bp","150M","adult"
"P3504_1140","P3504_1140","S280","N706","S504","L850","P60","m1","single","cell","2/5/2015","1-1/G2",1410014,"10/10/2015","single-end","50bp","150M","adult"
"P3504_1141","P3504_1141","S281","N706","S505","L852","P60","m1","single","cell","2/5/2015","1-1/A3",1410014,"10/10/2015","single-end","50bp","150M","adult"
"P3504_1142","P3504_1142","S282","N706","S506","L853","P60","m1","single","cell","2/5/2015","1-1/B3",1410014,"10/10/2015","single-end","50bp","150M","adult"
"P3504_1143","P3504_1143","S283","N706","S507","L856","P60","m1","single","cell","2/5/2015","1-1/E3",1410014,"10/10/2015","single-end","50bp","150M","adult"
"P3504_1144","P3504_1144","S284","N706","S508","L862","P2","m2","single","cell","5/12/2015","1-3/C1",1410014,"10/26/2015","single-end","50bp","150M","adult"
"P3504_1145","P3504_1145","S285","N707","S517","L865","P2","m2","single","cell","5/12/2015","1-3/F1",1410014,"10/26/2015","single-end","50bp","150M","adult"
"P3504_1146","P3504_1146","S286","N707","S502","L866","P2","m2","single","cell","5/12/2015","1-3/G1",1410014,"10/26/2015","single-end","50bp","150M","adult"
"P3504_1148","P3504_1148","S288","N707","S504","L868","P2","m2","single","cell","5/12/2015","1-3/A2",1410014,"10/26/2015","single-end","50bp","150M","adult"
"P3504_1149","P3504_1149","S289","N707","S505","L870","P2","m2","single","cell","5/12/2015","1-3/C2",1410014,"10/26/2015","single-end","50bp","150M","adult"
"P3504_1150","P3504_1150","S290","N707","S506","L874","P2","m2","single","cell","5/12/2015","1-3/G2",1410014,"10/26/2015","single-end","50bp","150M","adult"
"P3504_1152","P3504_1152","S292","N707","S508","L879","P2","m2","single","cell","5/12/2015","1-3/D3",1410014,"10/26/2015","single-end","50bp","150M","adult"
"P3504_1153","P3504_1153","S293","N708","S517","L882","P2","m2","single","cell","5/12/2015","1-3/G3",1410014,"10/26/2015","single-end","50bp","150M","adult"
"P3504_1154","P3504_1154","S294","N708","S502","L886","P21","m1","single","cell","3/12/2015","1-4/C1",1410014,"10/26/2015","single-end","50bp","150M","adult"
"P3504_1155","P3504_1155","S295","N708","S503","L887","P21","m1","single","cell","3/12/2015","1-4/D1",1410014,"10/26/2015","single-end","50bp","150M","adult"
"P3504_1156","P3504_1156","S296","N708","S504","L889","P21","m1","single","cell","3/12/2015","1-4/F1",1410014,"10/26/2015","single-end","50bp","150M","adult"
"P3504_1157","P3504_1157","S297","N708","S505","L892","P21","m1","single","cell","3/12/2015","1-4/A2",1410014,"10/26/2015","single-end","50bp","150M","adult"
"P3504_1158","P3504_1158","S298","N708","S506","L894","P21","m1","single","cell","3/12/2015","1-4/C2",1410014,"10/26/2015","single-end","50bp","150M","adult"
"P3504_1160","P3504_1160","S300","N708","S508","L901","P21","m1","single","cell","3/12/2015","1-4/B3",1410014,"10/26/2015","single-end","50bp","150M","adult"
"P3504_1161","P3504_1161","S301","N709","S517","L903","P21","m1","single","cell","3/12/2015","1-4/D3",1410014,"10/26/2015","single-end","50bp","150M","adult"
"P3504_1162","P3504_1162","S302","N709","S502","L912","P60","m1","single","cell","2/5/2015","1-2/E1",1410014,"10/26/2015","single-end","50bp","150M","adult"
"P3504_1163","P3504_1163","S303","N709","S503","L913","P60","m1","single","cell","2/5/2015","1-2/F1",1410014,"10/26/2015","single-end","50bp","150M","adult"
"P3504_1164","P3504_1164","S304","N709","S504","L914","P60","m1","single","cell","2/5/2015","1-2/G1",1410014,"10/26/2015","single-end","50bp","150M","adult"
"P3504_1165","P3504_1165","S305","N709","S505","L916","P60","m1","single","cell","2/5/2015","1-2/A2",1410014,"10/26/2015","single-end","50bp","150M","adult"
"P3504_1166","P3504_1166","S306","N709","S506","L918","P60","m1","single","cell","2/5/2015","1-2/C2",1410014,"10/26/2015","single-end","50bp","150M","adult"
"P3504_1167","P3504_1167","S307","N709","S507","L919","P60","m1","single","cell","2/5/2015","1-2/D2",1410014,"10/26/2015","single-end","50bp","150M","adult"
"P3504_1168","P3504_1168","S308","N709","S508","L920","P60","m1","single","cell","2/5/2015","1-2/E2",1410014,"10/26/2015","single-end","50bp","150M","adult"
"P3504_1169","P3504_1169","S309","N710","S517","L928","P60","m1","single","cell","2/5/2015","1-2/E3",1410014,"10/26/2015","single-end","50bp","150M","adult"
"P3504_1170","P3504_1170","S310","N710","S502","L930","P60","m1","single","cell","2/5/2015","1-2/G3",1410014,"10/26/2015","single-end","50bp","150M","adult"
"P3504_1173","P3504_1173","S313","N710","S505","L942","E19.5","m2","single","cell","6/23/2015","2-1/C2",1410014,"11/3/2015","single-end","50bp","150M","adult"
"P3504_1174","P3504_1174","S314","N710","S506","L943","E19.5","m2","single","cell","6/23/2015","2-1/D2",1410014,"11/3/2015","single-end","50bp","150M","adult"
"P3504_1175","P3504_1175","S315","N710","S507","L945","E19.5","m2","single","cell","6/23/2015","2-1/F2",1410014,"11/3/2015","single-end","50bp","150M","adult"
"P3504_1176","P3504_1176","S316","N710","S508","L946","E19.5","m2","single","cell","6/23/2015","2-1/G2",1410014,"11/3/2015","single-end","50bp","150M","adult"
"P3504_1178","P3504_1178","S318","N711","S502","L973","E16","m1","single","cell","11/1/2015","1-1/B3",1410014,"11/3/2015","single-end","50bp","150M","unknown"
"P3504_1179","P3504_1179","S319","N711","S503","L950","E19.5","m2","single","cell","6/23/2015","2-1/C3",1410014,"11/3/2015","single-end","50bp","150M","adult"
"P3504_1180","P3504_1180","S320","N711","S504","L952","E19.5","m2","single","cell","6/23/2015","2-1/E3",1410014,"11/3/2015","single-end","50bp","150M","adult"
"P3504_1181","P3504_1181","S321","N711","S505","L956","E16","m1","single","cell","11/1/2015","1-1/A1",1410014,"11/3/2015","single-end","50bp","150M","unknown"
"P3504_1182","P3504_1182","S322","N711","S506","L958","E16","m1","single","cell","11/1/2015","1-1/C1",1410014,"11/3/2015","single-end","50bp","150M","unknown"
"P3504_1183","P3504_1183","S323","N711","S507","L959","E16","m1","single","cell","11/1/2015","1-1/D1",1410014,"11/3/2015","single-end","50bp","150M","unknown"
"P3504_1184","P3504_1184","S324","N711","S508","L961","E16","m1","single","cell","11/1/2015","1-1/F1",1410014,"11/3/2015","single-end","50bp","150M","unknown"
"P3504_1185","P3504_1185","S325","N712","S517","L962","E16","m1","single","cell","11/1/2015","1-1/G1",1410014,"11/3/2015","single-end","50bp","150M","unknown"
"P3504_1187","P3504_1187","S327","N712","S503","L964","E16","m1","single","cell","11/1/2015","1-1/A2",1410014,"11/3/2015","single-end","50bp","150M","unknown"
"P3504_1188","P3504_1188","S328","N712","S504","L966","E16","m1","single","cell","11/1/2015","1-1/C2",1410014,"11/3/2015","single-end","50bp","150M","unknown"
"P3504_1189","P3504_1189","S329","N712","S505","L968","E16","m1","single","cell","11/1/2015","1-1/E2",1410014,"11/3/2015","single-end","50bp","150M","unknown"
"P3504_1190","P3504_1190","S330","N712","S506","L970","E16","m1","single","cell","11/1/2015","1-1/G2",1410014,"11/3/2015","single-end","50bp","150M","unknown"
"P3504_1191","P3504_1191","S331","N712","S507","L1008","P21","m7","single","cell","3/12/2015","3-3/E1",1410014,"11/5/2015","single-end","50bp","150M","adult"
"P3504_1192","P3504_1192","S332","N712","S508","L1009","P21","m7","single","cell","3/12/2015","3-3/F1",1410014,"11/5/2015","single-end","50bp","150M","adult"
"P4730_1001","P4730_1001","S333","N701","S517","L977","E16","m1","single","cell","11/1/2015","1-1/F3",1410014,"11/3/2015","single-end","50bp","150M","unknown"
"P4730_1002","P4730_1002","S334","N701","S502","L978","E16","m1","single","cell","11/1/2015","1-1/G3",1410014,"11/3/2015","single-end","50bp","150M","unknown"
"P4730_1007","P4730_1007","S343","N702","S503","L1140","E16","m1","single","cell","11/1/2015","1-2/A1",1410014,"3/21/2016","single-end","50bp","150M","unknown"
"P4730_1008","P4730_1008","S344","N702","S504","L1143","E16","m1","single","cell","11/1/2015","1-2/D1",1410014,"3/21/2016","single-end","50bp","150M","unknown"
"P4730_1009","P4730_1009","S349","N703","S517","L1153","E16","m1","single","cell","11/1/2015","1-2/F2",1410014,"3/21/2016","single-end","50bp","150M","unknown"
"P4730_1012","P4730_1012","S352","N703","S504","L1167","E16","m2","single","cell","11/1/2015","2-1/D1",1410014,"3/21/2016","single-end","50bp","150M","unknown"
"P4730_1013","P4730_1013","S357","N704","S517","L1177","E16","m2","single","cell","11/1/2015","2-1/F2",1410014,"3/21/2016","single-end","50bp","150M","unknown"
"P4730_1014","P4730_1014","S358","N704","S502","L1180","E16","m2","single","cell","11/1/2015","2-1/A3",1410014,"3/21/2016","single-end","50bp","150M","unknown"
"P4730_1015","P4730_1015","S359","N704","S503","L1181","E16","m2","single","cell","11/1/2015","2-1/B3",1410014,"3/21/2016","single-end","50bp","150M","unknown"
"P4730_1016","P4730_1016","S360","N704","S504","L1182","E16","m2","single","cell","11/1/2015","2-1/C3",1410014,"3/21/2016","single-end","50bp","150M","unknown"
"P4730_1017","P4730_1017","S365","N705","S517","L1237","E16","m2","single","cell","11/1/2015","2-3/B1",1410014,"3/25/2016","single-end","50bp","150M","unknown"
"P4730_1018","P4730_1018","S366","N705","S502","L1240","E16","m2","single","cell","11/1/2015","2-3/E1",1410014,"3/25/2016","single-end","50bp","150M","unknown"
"P4730_1019","P4730_1019","S367","N705","S503","L1141","E16","m2","single","cell","11/1/2015","2-3/F1",1410014,"3/25/2016","single-end","50bp","150M","unknown"
"P4730_1020","P4730_1020","S368","N705","S504","L1142","E16","m2","single","cell","11/1/2015","2-3/G1",1410014,"3/25/2016","single-end","50bp","150M","unknown"
"P4730_1021","P4730_1021","S373","N706","S517","L1264","E16","m4","single","cell","11/1/2015","4-1/E1",1410014,"3/25/2016","single-end","50bp","150M","unknown"
"P4730_1022","P4730_1022","S374","N706","S502","L1266","E16","m4","single","cell","11/1/2015","4-1/G1",1410014,"3/25/2016","single-end","50bp","150M","unknown"
"P4730_1023","P4730_1023","S375","N706","S503","L1271","E16","m4","single","cell","11/1/2015","4-1/D2",1410014,"3/25/2016","single-end","50bp","150M","unknown"
"P4730_1024","P4730_1024","S376","N706","S504","L1272","E16","m4","single","cell","11/1/2015","4-1/E2",1410014,"3/25/2016","single-end","50bp","150M","unknown"
"P4730_1029","P4730_1029","S149","N702","S517","L300","P2","m2","single","cell","5/12/2015","1-2/A1",1410014,"6/4/2015","single-end","50bp","150M","adult"
"P4730_1030","P4730_1030","S346","N702","S502","L1145","E16","m1","single","cell","11/1/2015","1-2/F1",1410014,"3/21/2016","single-end","50bp","150M","unknown"
"P4730_1032","P4730_1032","S348","N702","S504","L1150","E16","m1","single","cell","11/1/2015","1-2/C2",1410014,"3/21/2016","single-end","50bp","150M","unknown"
"P4730_1034","P4730_1034","S354","N703","S502","L1172","E16","m2","single","cell","11/1/2015","2-1/A2",1410014,"3/21/2016","single-end","50bp","150M","unknown"
"P4730_1035","P4730_1035","S355","N703","S503","L1174","E16","m2","single","cell","11/1/2015","2-1/C2",1410014,"3/21/2016","single-end","50bp","150M","unknown"
"P4730_1036","P4730_1036","S356","N703","S504","L1176","E16","m2","single","cell","11/1/2015","2-1/D2",1410014,"3/21/2016","single-end","50bp","150M","unknown"
"P4730_1037","P4730_1037","S361","N704","S517","L1183","E16","m2","single","cell","11/1/2015","2-1/D3",1410014,"3/21/2016","single-end","50bp","150M","unknown"
"P4730_1038","P4730_1038","S362","N704","S502","L1184","E16","m2","single","cell","11/1/2015","2-1/E3",1410014,"3/21/2016","single-end","50bp","150M","unknown"
"P4730_1041","P4730_1041","S369","N705","S517","L1245","E16","m2","single","cell","11/1/2015","2-3/B2",1410014,"3/25/2016","single-end","50bp","150M","unknown"
"P4730_1042","P4730_1042","S370","N705","S502","L1248","E16","m2","single","cell","11/1/2015","2-3/E2",1410014,"3/25/2016","single-end","50bp","150M","unknown"
"P4730_1043","P4730_1043","S371","N705","S503","L1262","E16","m4","single","cell","11/1/2015","4-1/C1",1410014,"3/25/2016","single-end","50bp","150M","unknown"
"P4730_1044","P4730_1044","S372","N705","S504","L1263","E16","m4","single","cell","11/1/2015","4-1/D1",1410014,"3/25/2016","single-end","50bp","150M","unknown"
"P4730_1045","P4730_1045","S377","N706","S517","L1273","E16","m4","single","cell","11/1/2015","4-1/F2",1410014,"3/25/2016","single-end","50bp","150M","unknown"
"P4730_1046","P4730_1046","S378","N706","S502","L1274","E16","m4","single","cell","11/1/2015","4-1/G2",1410014,"3/25/2016","single-end","50bp","150M","unknown"
"P4730_1047","P4730_1047","S379","N706","S503","L1276","E16","m4","single","cell","11/1/2015","4-1/A3",1410014,"3/25/2016","single-end","50bp","150M","unknown"
"P4730_1048","P4730_1048","S380","N706","S504","L1278","E16","m4","single","cell","11/1/2015","4-1/C3",1410014,"3/25/2016","single-end","50bp","150M","unknown"
"P7657_1001","P7657_1001","S381","N701","S517","L996","P21","m1","single","cell","3/12/2015","3-2/A3",1410014,"11/5/2015","single-end","50bp","150M","adult"
"P7657_1002","P7657_1002","S382","N701","S502","L997","P21","m1","single","cell","3/12/2015","3-2/B3",1410014,"11/5/2015","single-end","50bp","150M","adult"
"P7657_1003","P7657_1003","S383","N701","S503","L1001","P21","m1","single","cell","3/12/2015","3-2/F3",1410014,"11/5/2015","single-end","50bp","150M","adult"
"P7657_1004","P7657_1004","S384","N701","S504","L1017","P21","m7","single","cell","3/12/2015","3-3/F2",1410014,"11/5/2015","single-end","50bp","150M","adult"
"P7657_1005","P7657_1005","S385","N701","S505","L1018","P21","m7","single","cell","3/12/2015","3-3/G2",1410014,"11/5/2015","single-end","50bp","150M","adult"
"P7657_1007","P7657_1007","S387","N701","S507","L1021","P21","m7","single","cell","3/12/2015","3-3/B3",1410014,"11/5/2015","single-end","50bp","150M","adult"
"P7657_1008","P7657_1008","S388","N701","S508","L1023","P21","m7","single","cell","3/12/2015","3-3/D3",1410014,"11/5/2015","single-end","50bp","150M","adult"
"P7657_1009","P7657_1009","S389","N702","S517","L1027","P21","m7","single","cell","3/12/2015","3-3/H3",1410014,"11/5/2015","single-end","50bp","150M","adult"
"P7657_1010","P7657_1010","S390","N702","S502","L1076","E19.5","m2","single","cell","6/23/2015","2-2/A1",1410014,"12/28/2015","single-end","50bp","150M","adult"
"P7657_1011","P7657_1011","S391","N702","S503","L1080","E19.5","m2","single","cell","6/23/2015","2-2/E1",1410014,"12/28/2015","single-end","50bp","150M","adult"
"P7657_1012","P7657_1012","S392","N702","S504","L1081","E19.5","m2","single","cell","6/23/2015","2-2/F1",1410014,"12/28/2015","single-end","50bp","150M","adult"
"P7657_1013","P7657_1013","S393","N702","S505","L1084","E19.5","m2","single","cell","6/23/2015","2-2/A2",1410014,"12/28/2015","single-end","50bp","150M","adult"
"P7657_1014","P7657_1014","S394","N702","S506","L1086","E19.5","m2","single","cell","6/23/2015","2-2/C2",1410014,"12/28/2015","single-end","50bp","150M","adult"
"P7657_1015","P7657_1015","S395","N702","S507","L1088","E19.5","m2","single","cell","6/23/2015","2-2/E2",1410014,"12/28/2015","single-end","50bp","150M","adult"
"P7657_1016","P7657_1016","S396","N702","S508","L1090","E19.5","m2","single","cell","6/23/2015","2-2/G2",1410014,"12/28/2015","single-end","50bp","150M","adult"
"P7657_1017","P7657_1017","S397","N703","S517","L1096","E19.5","m2","single","cell","6/23/2015","2-2/E3",1410014,"12/28/2015","single-end","50bp","150M","adult"
"P7657_1018","P7657_1018","S398","N703","S502","L1098","E19.5","m2","single","cell","6/23/2015","2-2/G3",1410014,"12/28/2015","single-end","50bp","150M","adult"
"P7657_1019","P7657_1019","S399","N703","S503","L1654","P60","m1","single","cell","2/5/2015","2-4/C2",1410014,"12/21/2016","single-end","50bp","150M","adult"
"P7657_1020","P7657_1020","S400","N703","S504","L1658","P60","m1","single","cell","2/5/2015","2-4/G2",1410014,"12/21/2016","single-end","50bp","150M","adult"
"P7657_1021","P7657_1021","S401","N703","S505","L1661","P60","m1","single","cell","2/5/2015","2-4/B3",1410014,"12/21/2016","single-end","50bp","150M","adult"
"P7657_1026","P7657_1026","S406","N704","S502","L1160","E16","m1","single","cell","11/1/2015","1-2/E3",1410014,"3/21/2016","single-end","50bp","150M","unknown"
"P7657_1027","P7657_1027","S407","N704","S503","L1161","E16","m1","single","cell","11/1/2015","1-2/F3",1410014,"3/21/2016","single-end","50bp","150M","unknown"
"P7657_1028","P7657_1028","S408","N704","S504","L1250","E16","m2","single","cell","11/1/2015","2-3/G2",1410014,"3/25/2016","single-end","50bp","150M","unknown"
"P7657_1029","P7657_1029","S409","N704","S505","L1252","E16","m2","single","cell","11/1/2015","2-3/A3",1410014,"3/25/2016","single-end","50bp","150M","unknown"
"P7657_1030","P7657_1030","S410","N704","S506","L1254","E16","m2","single","cell","11/1/2015","2-3/C3",1410014,"3/25/2016","single-end","50bp","150M","unknown"
"P7657_1031","P7657_1031","S411","N704","S507","L1257","E16","m2","single","cell","11/1/2015","2-3/F3",1410014,"3/25/2016","single-end","50bp","150M","unknown"
"P7657_1033","P7657_1033","S413","N705","S517","L1280","E16","m4","single","cell","11/1/2015","4-1/E3",1410014,"3/25/2016","single-end","50bp","150M","unknown"
"P7657_1034","P7657_1034","S414","N705","S502","L1282","E16","m4","single","cell","11/1/2015","4-1/G3",1410014,"3/25/2016","single-end","50bp","150M","unknown"
"P7657_1035","P7657_1035","S415","N705","S503","L1284","P21","m1","single","cell","1/15/2015","2-3/A1",1310010,"11/10/2016","single-end","50bp","150M","adult"
"P7657_1036","P7657_1036","S416","N705","S504","L1286","P21","m1","single","cell","1/15/2015","2-3/B1",1310010,"11/10/2016","single-end","50bp","150M","adult"
"P7657_1037","P7657_1037","S417","N705","S505","L1287","P21","m1","single","cell","1/15/2015","2-3/C1",1310010,"11/10/2016","single-end","50bp","150M","adult"
"P7657_1038","P7657_1038","S418","N705","S506","L1291","P21","m1","single","cell","1/15/2015","2-3/H1",1310010,"11/10/2016","single-end","50bp","150M","adult"
"P7657_1039","P7657_1039","S419","N705","S507","L1292","P21","m1","single","cell","1/15/2015","2-3/A2",1310010,"11/10/2016","single-end","50bp","150M","adult"
"P7657_1040","P7657_1040","S420","N705","S508","L1294","P21","m1","single","cell","1/15/2015","2-3/C2",1310010,"11/10/2016","single-end","50bp","150M","adult"
"P7657_1041","P7657_1041","S421","N706","S517","L1296","P21","m1","single","cell","1/15/2015","2-3/E2",1310010,"11/10/2016","single-end","50bp","150M","adult"
"P7657_1042","P7657_1042","S422","N706","S502","L1298","P21","m1","single","cell","1/15/2015","2-3/G2",1310010,"11/10/2016","single-end","50bp","150M","adult"
"P7657_1043","P7657_1043","S423","N706","S503","L1299","P21","m1","single","cell","1/15/2015","2-3/H2",1310010,"11/10/2016","single-end","50bp","150M","adult"
"P7657_1044","P7657_1044","S424","N706","S504","L1302","P21","m1","single","cell","1/15/2015","2-3/C3",1310010,"11/10/2016","single-end","50bp","150M","adult"
"P7657_1045","P7657_1045","S425","N706","S505","L1303","P21","m1","single","cell","1/15/2015","2-3/D3",1310010,"11/10/2016","single-end","50bp","150M","adult"
"P7657_1046","P7657_1046","S426","N706","S506","L1307","P21","m1","single","cell","1/15/2015","2-3/H3",1310010,"11/10/2016","single-end","50bp","150M","adult"
"P7657_1047","P7657_1047","S427","N706","S507","L1308","P60","m1","single","cell","1/15/2015","2-3/A1",1310010,"11/10/2016","single-end","50bp","150M","adult"
"P7657_1048","P7657_1048","S428","N706","S508","L1309","P60","m1","single","cell","1/15/2015","2-3/B1",1310010,"11/10/2016","single-end","50bp","150M","adult"
"P7657_1049","P7657_1049","S429","N707","S517","L1310","P60","m1","single","cell","1/15/2015","2-3/C1",1310010,"11/10/2016","single-end","50bp","150M","adult"
"P7657_1050","P7657_1050","S430","N707","S502","L1311","P60","m1","single","cell","1/15/2015","2-3/D1",1310010,"11/10/2016","single-end","50bp","150M","adult"
"P7657_1051","P7657_1051","S431","N707","S503","L1314","P60","m1","single","cell","1/15/2015","2-3/G1",1310010,"11/10/2016","single-end","50bp","150M","adult"
"P7657_1052","P7657_1052","S432","N707","S504","L1316","P60","m1","single","cell","1/15/2015","2-3/A2",1310010,"11/10/2016","single-end","50bp","150M","adult"
"P7657_1053","P7657_1053","S433","N707","S505","L1318","P60","m1","single","cell","1/15/2015","2-3/C2",1310010,"11/10/2016","single-end","50bp","150M","adult"
"P7657_1054","P7657_1054","S434","N707","S506","L1319","P60","m1","single","cell","1/15/2015","2-3/D2",1310010,"11/10/2016","single-end","50bp","150M","adult"
"P7657_1055","P7657_1055","S435","N707","S507","L1320","P60","m1","single","cell","1/15/2015","2-3/E2",1310010,"11/10/2016","single-end","50bp","150M","adult"
"P7657_1056","P7657_1056","S436","N707","S508","L1321","P60","m1","single","cell","1/15/2015","2-3/F2",1310010,"11/10/2016","single-end","50bp","150M","adult"
"P7657_1057","P7657_1057","S437","N708","S517","L1322","P60","m1","single","cell","1/15/2015","2-3/G2",1310010,"11/10/2016","single-end","50bp","150M","adult"
"P7657_1058","P7657_1058","S438","N708","S502","L1323","P60","m1","single","cell","1/15/2015","2-3/H2",1310010,"11/10/2016","single-end","50bp","150M","adult"
"P7657_1059","P7657_1059","S439","N708","S503","L1325","P60","m1","single","cell","1/15/2015","2-3/B3",1310010,"11/10/2016","single-end","50bp","150M","adult"
"P7657_1060","P7657_1060","S440","N708","S504","L1326","P60","m1","single","cell","1/15/2015","2-3/C3",1310010,"11/10/2016","single-end","50bp","150M","adult"
"P7657_1061","P7657_1061","S441","N708","S505","L1327","P60","m1","single","cell","1/15/2015","2-3/D3",1310010,"11/10/2016","single-end","50bp","150M","adult"
"P7657_1062","P7657_1062","S442","N708","S506","L1331","P60","m1","single","cell","1/15/2015","2-3/H3",1310010,"11/10/2016","single-end","50bp","150M","adult"
"P7657_1063","P7657_1063","S443","N708","S507","L1332","P21","m1","single","cell","3/12/2015","3-1/A1",1410014,"11/15/2016","single-end","50bp","150M","adult"
"P7657_1064","P7657_1064","S444","N708","S508","L1333","P21","m1","single","cell","3/12/2015","3-1/B1",1410014,"11/15/2016","single-end","50bp","150M","adult"
"P7657_1065","P7657_1065","S445","N709","S517","L1334","P21","m1","single","cell","3/12/2015","3-1/C1",1410014,"11/15/2016","single-end","50bp","150M","adult"
"P7657_1066","P7657_1066","S446","N709","S502","L1335","P21","m1","single","cell","3/12/2015","3-1/D1",1410014,"11/15/2016","single-end","50bp","150M","adult"
"P7657_1068","P7657_1068","S448","N709","S504","L1339","P21","m1","single","cell","3/12/2015","3-1/H1",1410014,"11/15/2016","single-end","50bp","150M","adult"
"P7657_1069","P7657_1069","S449","N709","S505","L1345","P21","m1","single","cell","3/12/2015","3-1/F2",1410014,"11/15/2016","single-end","50bp","150M","adult"
"P7657_1071","P7657_1071","S451","N709","S507","L1350","P21","m1","single","cell","3/12/2015","3-1/C3",1410014,"11/15/2016","single-end","50bp","150M","adult"
"P7657_1072","P7657_1072","S452","N709","S508","L1351","P21","m1","single","cell","3/12/2015","3-1/D3",1410014,"11/15/2016","single-end","50bp","150M","adult"
"P7657_1073","P7657_1073","S453","N710","S517","L1352","P21","m1","single","cell","3/12/2015","3-1/E3",1410014,"11/15/2016","single-end","50bp","150M","adult"
"P7657_1074","P7657_1074","S454","N710","S502","L1354","P21","m1","single","cell","3/12/2015","3-1/G3",1410014,"11/15/2016","single-end","50bp","150M","adult"
"P7657_1075","P7657_1075","S455","N710","S503","L1356","P60","m1","single","cell","1/15/2015","2-2/A1",1310010,"11/15/2016","single-end","50bp","150M","adult"
"P7657_1076","P7657_1076","S456","N710","S504","L1360","P60","m1","single","cell","1/15/2015","2-2/E1",1310010,"11/15/2016","single-end","50bp","150M","adult"
"P7657_1077","P7657_1077","S457","N710","S505","L1361","P60","m1","single","cell","1/15/2015","2-2/F1",1310010,"11/15/2016","single-end","50bp","150M","adult"
"P7657_1078","P7657_1078","S458","N710","S506","L1363","P60","m1","single","cell","1/15/2015","2-2/H1",1310010,"11/15/2016","single-end","50bp","150M","adult"
"P7657_1079","P7657_1079","S459","N710","S507","L1364","P60","m1","single","cell","1/15/2015","2-2/A2",1310010,"11/15/2016","single-end","50bp","150M","adult"
"P7657_1080","P7657_1080","S460","N710","S508","L1365","P60","m1","single","cell","1/15/2015","2-2/B2",1310010,"11/15/2016","single-end","50bp","150M","adult"
"P7657_1081","P7657_1081","S461","N711","S517","L1366","P60","m1","single","cell","1/15/2015","2-2/C2",1310010,"11/15/2016","single-end","50bp","150M","adult"
"P7657_1082","P7657_1082","S462","N711","S502","L1367","P60","m1","single","cell","1/15/2015","2-2/D2",1310010,"11/15/2016","single-end","50bp","150M","adult"
"P7657_1083","P7657_1083","S463","N711","S503","L1369","P60","m1","single","cell","1/15/2015","2-2/F2",1310010,"11/15/2016","single-end","50bp","150M","adult"
"P7657_1084","P7657_1084","S464","N711","S504","L1371","P60","m1","single","cell","1/15/2015","2-2/H2",1310010,"11/15/2016","single-end","50bp","150M","adult"
"P7657_1085","P7657_1085","S465","N711","S505","L1374","P60","m1","single","cell","1/15/2015","2-2/C3",1310010,"11/15/2016","single-end","50bp","150M","adult"
"P7657_1086","P7657_1086","S466","N711","S506","L1375","P60","m1","single","cell","1/15/2015","2-2/D3",1310010,"11/15/2016","single-end","50bp","150M","adult"
"P7657_1087","P7657_1087","S467","N711","S507","L1376","P60","m1","single","cell","1/15/2015","2-2/E3",1310010,"11/15/2016","single-end","50bp","150M","adult"
"P7657_1088","P7657_1088","S468","N711","S508","L1379","P60","m1","single","cell","1/15/2015","2-2/H3",1310010,"11/15/2016","single-end","50bp","150M","adult"
"P7657_1089","P7657_1089","S469","N712","S517","L1380","P2","m2","single","cell","2/5/2015","1-4/A1",1410014,"11/26/2016","single-end","50bp","150M","adult"
"P7657_1090","P7657_1090","S470","N712","S502","L1383","P2","m2","single","cell","2/5/2015","1-4/D1",1410014,"11/26/2016","single-end","50bp","150M","adult"
"P7657_1091","P7657_1091","S471","N712","S503","L1385","P2","m2","single","cell","2/5/2015","1-4/F1",1410014,"11/26/2016","single-end","50bp","150M","adult"
"P7657_1092","P7657_1092","S472","N712","S504","L1393","P2","m2","single","cell","2/5/2015","1-4/F2",1410014,"11/26/2016","single-end","50bp","150M","adult"
"P7657_1093","P7657_1093","S473","N712","S505","L1394","P2","m2","single","cell","2/5/2015","1-4/G2",1410014,"11/26/2016","single-end","50bp","150M","adult"
"P7657_1094","P7657_1094","S474","N712","S506","L1396","P2","m2","single","cell","2/5/2015","1-4/A3",1410014,"11/26/2016","single-end","50bp","150M","adult"
"P7657_1095","P7657_1095","S475","N712","S507","L1397","P2","m2","single","cell","2/5/2015","1-4/B3",1410014,"11/26/2016","single-end","50bp","150M","adult"
"P7657_1096","P7657_1096","S476","N712","S508","L1398","P2","m2","single","cell","2/5/2015","1-4/C3",1410014,"11/26/2016","single-end","50bp","150M","adult"
"P7657_1097","P7657_1097","S477","N701","S517","L1400","P2","m2","single","cell","2/5/2015","1-4/E3",1410014,"11/26/2016","single-end","50bp","150M","adult"
"P7657_1098","P7657_1098","S478","N701","S502","L1401","P2","m2","single","cell","2/5/2015","1-4/F3",1410014,"11/26/2016","single-end","50bp","150M","adult"
"P7657_1099","P7657_1099","S479","N701","S503","L1404","P60","m1","single","cell","2/5/2015","1-3/A1",1410014,"11/26/2016","single-end","50bp","150M","adult"
"P7657_1100","P7657_1100","S480","N701","S504","L1406","P60","m1","single","cell","2/5/2015","1-3/C1",1410014,"11/26/2016","single-end","50bp","150M","adult"
"P7657_1101","P7657_1101","S481","N701","S505","L1407","P60","m1","single","cell","2/5/2015","1-3/D1",1410014,"11/26/2016","single-end","50bp","150M","adult"
"P7657_1102","P7657_1102","S482","N701","S506","L1408","P60","m1","single","cell","2/5/2015","1-3/E1",1410014,"11/26/2016","single-end","50bp","150M","adult"
"P7657_1103","P7657_1103","S483","N701","S507","L1409","P60","m1","single","cell","2/5/2015","1-3/F1",1410014,"11/26/2016","single-end","50bp","150M","adult"
"P7657_1104","P7657_1104","S484","N701","S508","L1410","P60","m1","single","cell","2/5/2015","1-3/G1",1410014,"11/26/2016","single-end","50bp","150M","adult"
"P7657_1105","P7657_1105","S485","N702","S517","L1411","P60","m1","single","cell","2/5/2015","1-3/H1",1410014,"11/26/2016","single-end","50bp","150M","adult"
"P7657_1106","P7657_1106","S486","N702","S502","L1412","P60","m1","single","cell","2/5/2015","1-3/A2",1410014,"11/26/2016","single-end","50bp","150M","adult"
"P7657_1107","P7657_1107","S487","N702","S503","L1413","P60","m1","single","cell","2/5/2015","1-3/B2",1410014,"11/26/2016","single-end","50bp","150M","adult"
"P7657_1108","P7657_1108","S488","N702","S504","L1415","P60","m1","single","cell","2/5/2015","1-3/D2",1410014,"11/26/2016","single-end","50bp","150M","adult"
"P7657_1109","P7657_1109","S489","N702","S505","L1416","P60","m1","single","cell","2/5/2015","1-3/E2",1410014,"11/26/2016","single-end","50bp","150M","adult"
"P7657_1110","P7657_1110","S490","N702","S506","L1417","P60","m1","single","cell","2/5/2015","1-3/F2",1410014,"11/26/2016","single-end","50bp","150M","adult"
"P7657_1111","P7657_1111","S491","N702","S507","L1418","P60","m1","single","cell","2/5/2015","1-3/G2",1410014,"11/26/2016","single-end","50bp","150M","adult"
"P7657_1112","P7657_1112","S492","N702","S508","L1419","P60","m1","single","cell","2/5/2015","1-3/H2",1410014,"11/26/2016","single-end","50bp","150M","adult"
"P7657_1113","P7657_1113","S493","N703","S517","L1420","P60","m1","single","cell","2/5/2015","1-3/A3",1410014,"11/26/2016","single-end","50bp","150M","adult"
"P7657_1114","P7657_1114","S494","N703","S502","L1421","P60","m1","single","cell","2/5/2015","1-3/B3",1410014,"11/26/2016","single-end","50bp","150M","adult"
"P7657_1115","P7657_1115","S495","N703","S503","L1422","P60","m1","single","cell","2/5/2015","1-3/C3",1410014,"11/26/2016","single-end","50bp","150M","adult"
"P7657_1116","P7657_1116","S496","N703","S504","L1426","P60","m1","single","cell","2/5/2015","1-3/G3",1410014,"11/26/2016","single-end","50bp","150M","adult"
"P7657_1117","P7657_1117","S497","N703","S505","L1427","P60","m1","single","cell","2/5/2015","1-3/H3",1410014,"11/26/2016","single-end","50bp","150M","adult"
"P7657_1118","P7657_1118","S498","N703","S506","L1436","P21","m7","single","cell","3/12/2015","2-3/A2",1410014,"11/26/2016","single-end","50bp","150M","adult"
"P7657_1119","P7657_1119","S499","N703","S507","L1457","P21","m7","single","cell","3/12/2015","2-4/F1",1410014,"11/26/2016","single-end","50bp","150M","adult"
"P7657_1120","P7657_1120","S500","N703","S508","L1467","P21","m7","single","cell","3/12/2015","2-4/H2",1410014,"11/26/2016","single-end","50bp","150M","adult"
"P7657_1121","P7657_1121","S501","N704","S517","L1468","P21","m7","single","cell","3/12/2015","2-4/A3",1410014,"11/26/2016","single-end","50bp","150M","adult"
"P7657_1122","P7657_1122","S502","N704","S502","L1471","P21","m7","single","cell","3/12/2015","2-4/D3",1410014,"11/26/2016","single-end","50bp","150M","adult"
"P7657_1123","P7657_1123","S503","N704","S503","L1473","P21","m7","single","cell","3/12/2015","2-4/F3",1410014,"11/26/2016","single-end","50bp","150M","adult"
"P7657_1125","P7657_1125","S505","N704","S505","L1482","E19.5","m1","single","cell","5/12/2015","1-3/G1",1410014,"11/29/2016","single-end","50bp","150M","adult"
"P7657_1127","P7657_1127","S507","N704","S507","L1487","E19.5","m1","single","cell","5/12/2015","1-3/D2",1410014,"11/29/2016","single-end","50bp","150M","adult"
"P7657_1128","P7657_1128","S508","N704","S508","L1496","E19.5","m1","single","cell","5/12/2015","1-3/E3",1410014,"11/29/2016","single-end","50bp","150M","adult"
"P7657_1129","P7657_1129","S509","N705","S517","L1498","E19.5","m1","single","cell","5/12/2015","1-3/G3",1410014,"11/29/2016","single-end","50bp","150M","adult"
"P7657_1130","P7657_1130","S510","N705","S502","L1502","E19.5","m1","single","cell","5/12/2015","1-4/C1",1410014,"11/29/2016","single-end","50bp","150M","adult"
"P7657_1132","P7657_1132","S512","N705","S504","L1504","E19.5","m1","single","cell","5/12/2015","1-4/E1",1410014,"11/29/2016","single-end","50bp","150M","adult"
"P7657_1133","P7657_1133","S513","N705","S505","L1505","E19.5","m1","single","cell","5/12/2015","1-4/F1",1410014,"11/29/2016","single-end","50bp","150M","adult"
"P7657_1134","P7657_1134","S514","N705","S506","L1510","E19.5","m1","single","cell","5/12/2015","1-4/C2",1410014,"11/29/2016","single-end","50bp","150M","adult"
"P7657_1135","P7657_1135","S515","N705","S507","L1511","E19.5","m1","single","cell","5/12/2015","1-4/D2",1410014,"11/29/2016","single-end","50bp","150M","adult"
"P7657_1136","P7657_1136","S516","N705","S508","L1512","E19.5","m1","single","cell","5/12/2015","1-4/E2",1410014,"11/29/2016","single-end","50bp","150M","adult"
"P7657_1137","P7657_1137","S517","N706","S517","L1513","E19.5","m1","single","cell","5/12/2015","1-4/F2",1410014,"11/29/2016","single-end","50bp","150M","adult"
"P7657_1138","P7657_1138","S518","N706","S502","L1514","E19.5","m1","single","cell","5/12/2015","1-4/G2",1410014,"11/29/2016","single-end","50bp","150M","adult"
"P7657_1139","P7657_1139","S519","N706","S503","L1521","E19.5","m1","single","cell","5/12/2015","1-4/F3",1410014,"11/29/2016","single-end","50bp","150M","adult"
"P7657_1140","P7657_1140","S520","N706","S504","L1528","P21","m1","single","cell","3/12/2015","2-2/E1",1410014,"11/29/2016","single-end","50bp","150M","adult"
"P7657_1141","P7657_1141","S521","N706","S505","L1534","P21","m1","single","cell","3/12/2015","2-2/C2",1410014,"11/29/2016","single-end","50bp","150M","adult"
"P7657_1142","P7657_1142","S522","N706","S506","L1536","P21","m1","single","cell","3/12/2015","2-2/E2",1410014,"11/29/2016","single-end","50bp","150M","adult"
"P7657_1143","P7657_1143","S523","N706","S507","L1548","P60","m1","single","cell","2/5/2015","1-4/A1",1410014,"11/29/2016","single-end","50bp","150M","adult"
"P7657_1144","P7657_1144","S524","N706","S508","L1552","P60","m1","single","cell","2/5/2015","1-4/E1",1410014,"11/29/2016","single-end","50bp","150M","adult"
"P7657_1145","P7657_1145","S525","N707","S517","L1554","P60","m1","single","cell","2/5/2015","1-4/G1",1410014,"11/29/2016","single-end","50bp","150M","adult"
"P7657_1146","P7657_1146","S526","N707","S502","L1558","P60","m1","single","cell","2/5/2015","1-4/C2",1410014,"11/29/2016","single-end","50bp","150M","adult"
"P7657_1147","P7657_1147","S527","N707","S503","L1562","P60","m1","single","cell","2/5/2015","1-4/G2",1410014,"11/29/2016","single-end","50bp","150M","adult"
"P7657_1148","P7657_1148","S528","N707","S504","L1563","P60","m1","single","cell","2/5/2015","1-4/H2",1410014,"11/29/2016","single-end","50bp","150M","adult"
"P7657_1149","P7657_1149","S529","N707","S505","L1566","P60","m1","single","cell","2/5/2015","1-4/C3",1410014,"11/29/2016","single-end","50bp","150M","adult"
"P7657_1150","P7657_1150","S530","N707","S506","L1567","P60","m1","single","cell","2/5/2015","1-4/D3",1410014,"11/29/2016","single-end","50bp","150M","adult"
"P7657_1151","P7657_1151","S531","N707","S507","L1571","P60","m1","single","cell","2/5/2015","1-4/H3",1410014,"11/29/2016","single-end","50bp","150M","adult"
"P7657_1153","P7657_1153","S533","N708","S517","L1573","E19.5","m1","single","cell","6/23/2015","1-4/B1",1410014,"12/21/2016","single-end","50bp","150M","adult"
"P7657_1154","P7657_1154","S534","N708","S502","L1574","E19.5","m1","single","cell","6/23/2015","1-4/C1",1410014,"12/21/2016","single-end","50bp","150M","adult"
"P7657_1155","P7657_1155","S535","N708","S503","L1575","E19.5","m1","single","cell","6/23/2015","1-4/D1",1410014,"12/21/2016","single-end","50bp","150M","adult"
"P7657_1156","P7657_1156","S536","N708","S504","L1576","E19.5","m1","single","cell","6/23/2015","1-4/E1",1410014,"12/21/2016","single-end","50bp","150M","adult"
"P7657_1157","P7657_1157","S537","N708","S505","L1578","E19.5","m1","single","cell","6/23/2015","1-4/G1",1410014,"12/21/2016","single-end","50bp","150M","adult"
"P7657_1158","P7657_1158","S538","N708","S506","L1580","E19.5","m1","single","cell","6/23/2015","1-4/A2",1410014,"12/21/2016","single-end","50bp","150M","adult"
"P7657_1160","P7657_1160","S540","N708","S508","L1591","E19.5","m1","single","cell","6/23/2015","1-4/D3",1410014,"12/21/2016","single-end","50bp","150M","adult"
"P7657_1161","P7657_1161","S541","N709","S517","L1592","E19.5","m1","single","cell","6/23/2015","1-4/E3",1410014,"12/21/2016","single-end","50bp","150M","adult"
"P7657_1163","P7657_1163","S543","N709","S503","L1594","E19.5","m1","single","cell","6/23/2015","1-4/G3",1410014,"12/21/2016","single-end","50bp","150M","adult"
"P7657_1164","P7657_1164","S544","N709","S504","L1599","P2","m1","single","cell","5/12/2015","1-3/D1",1410014,"12/21/2016","single-end","50bp","150M","adult"
"P7657_1165","P7657_1165","S545","N709","S505","L1601","P2","m1","single","cell","5/12/2015","1-3/F1",1410014,"12/21/2016","single-end","50bp","150M","adult"
"P7657_1167","P7657_1167","S547","N709","S507","L1606","P2","m1","single","cell","5/12/2015","1-3/C2",1410014,"12/21/2016","single-end","50bp","150M","adult"
"P7657_1168","P7657_1168","S548","N709","S508","L1608","P2","m1","single","cell","5/12/2015","1-3/E2",1410014,"12/21/2016","single-end","50bp","150M","adult"
"P7657_1169","P7657_1169","S549","N710","S517","L1609","P2","m1","single","cell","5/12/2015","1-3/F2",1410014,"12/21/2016","single-end","50bp","150M","adult"
"P7657_1170","P7657_1170","S550","N710","S502","L1610","P2","m1","single","cell","5/12/2015","1-3/G2",1410014,"12/21/2016","single-end","50bp","150M","adult"
"P7657_1171","P7657_1171","S551","N710","S503","L1612","P2","m1","single","cell","5/12/2015","1-3/A3",1410014,"12/21/2016","single-end","50bp","150M","adult"
"P7657_1172","P7657_1172","S552","N710","S504","L1613","P2","m1","single","cell","5/12/2015","1-3/B3",1410014,"12/21/2016","single-end","50bp","150M","adult"
"P7657_1173","P7657_1173","S553","N710","S505","L1615","P2","m1","single","cell","5/12/2015","1-3/D3",1410014,"12/21/2016","single-end","50bp","150M","adult"
"P7657_1174","P7657_1174","S554","N710","S506","L1616","P2","m1","single","cell","5/12/2015","1-3/E3",1410014,"12/21/2016","single-end","50bp","150M","adult"
"P7657_1176","P7657_1176","S556","N710","S508","L1618","P2","m1","single","cell","5/12/2015","1-3/G3",1410014,"12/21/2016","single-end","50bp","150M","adult"
"P7657_1177","P7657_1177","S557","N711","S517","L1621","P21","m7","single","cell","3/12/2015","2-2/B1",1410014,"12/21/2016","single-end","50bp","150M","adult"
"P7657_1178","P7657_1178","S558","N711","S502","L1623","P21","m7","single","cell","3/12/2015","2-2/D1",1410014,"12/21/2016","single-end","50bp","150M","adult"
"P7657_1179","P7657_1179","S559","N711","S503","L1624","P21","m7","single","cell","3/12/2015","2-2/E1",1410014,"12/21/2016","single-end","50bp","150M","adult"
"P7657_1180","P7657_1180","S560","N711","S504","L1630","P21","m7","single","cell","3/12/2015","2-2/C2",1410014,"12/21/2016","single-end","50bp","150M","adult"
"P7657_1181","P7657_1181","S561","N711","S505","L1631","P21","m7","single","cell","3/12/2015","2-2/D2",1410014,"12/21/2016","single-end","50bp","150M","adult"
"P7657_1182","P7657_1182","S562","N711","S506","L1634","P21","m7","single","cell","3/12/2015","2-2/G2",1410014,"12/21/2016","single-end","50bp","150M","adult"
"P7657_1184","P7657_1184","S564","N711","S508","L1637","P21","m7","single","cell","3/12/2015","2-2/B3",1410014,"12/21/2016","single-end","50bp","150M","adult"
"P7657_1185","P7657_1185","S565","N712","S517","L1644","P60","m1","single","cell","2/5/2015","2-4/A1",1410014,"12/21/2016","single-end","50bp","150M","adult"
"P7657_1186","P7657_1186","S566","N712","S502","L1645","P60","m1","single","cell","2/5/2015","2-4/B1",1410014,"12/21/2016","single-end","50bp","150M","adult"
"P7657_1187","P7657_1187","S567","N712","S503","L1646","P60","m1","single","cell","2/5/2015","2-4/C1",1410014,"12/21/2016","single-end","50bp","150M","adult"
"P7657_1188","P7657_1188","S568","N712","S504","L1648","P60","m1","single","cell","2/5/2015","2-4/E1",1410014,"12/21/2016","single-end","50bp","150M","adult"
"P7657_1190","P7657_1190","S570","N712","S506","L1651","P60","m1","single","cell","2/5/2015","2-4/H1",1410014,"12/21/2016","single-end","50bp","150M","adult"
"P7657_1191","P7657_1191","S571","N712","S507","L1652","P60","m1","single","cell","2/5/2015","2-4/A2",1410014,"12/21/2016","single-end","50bp","150M","adult"
"P7657_1192","P7657_1192","S572","N712","S508","L1653","P60","m1","single","cell","2/5/2015","2-4/B2",1410014,"12/21/2016","single-end","50bp","150M","adult"
